fecha,tipo_cambio,superior,regular,diesel,bunker,cilindro
2021-01-01,7.79382,21.91,21.11,17.61,13.40,3.96
2021-01-02,7.79382,21.91,21.11,17.61,13.40,3.96
2021-01-03,7.79382,21.91,21.11,17.61,13.40,3.96
2021-01-04,7.79417,21.91,21.11,17.61,13.45,3.96
2021-01-05,7.79369,21.91,21.11,17.61,13.45,3.96
2021-01-06,7.79735,21.91,21.11,17.61,13.45,3.96
2021-01-07,7.79493,21.91,21.11,17.61,13.45,3.96
2021-01-08,7.80089,21.91,21.11,17.61,13.45,3.96
2021-01-09,7.80089,21.91,21.11,17.61,13.45,3.96
2021-01-10,7.80089,21.91,21.11,17.61,13.45,3.96
2021-01-11,7.79581,22.39,21.59,17.69,13.82,3.96
2021-01-12,7.79620,22.39,21.59,17.69,13.82,3.96
2021-01-13,7.79686,22.39,21.59,17.69,13.82,4.07
2021-01-14,7.79124,22.39,21.59,17.69,13.82,4.07
2021-01-15,7.78903,22.39,21.59,17.69,13.82,4.07
2021-01-16,7.78903,22.39,21.59,17.69,13.82,4.28
2021-01-17,7.78903,22.39,21.59,17.69,13.82,4.28
2021-01-18,7.78560,23.21,22.41,18.30,14.05,4.28
2021-01-19,7.79345,23.21,22.41,18.30,14.05,4.28
2021-01-20,7.78725,23.21,22.41,18.30,14.05,4.40
2021-01-21,7.78209,23.21,22.41,18.30,14.05,4.40
2021-01-22,7.78162,23.21,22.41,18.30,14.05,4.40
2021-01-23,7.78162,23.21,22.41,18.30,14.05,4.64
2021-01-24,7.78162,23.21,22.41,18.30,14.05,4.64
2021-01-25,7.78124,23.44,22.64,18.47,14.05,4.64
2021-01-26,7.77958,23.44,22.64,18.47,14.05,4.64
2021-01-27,7.78483,23.44,22.64,18.47,14.05,4.64
2021-01-28,7.78262,23.44,22.64,18.47,14.05,4.64
2021-01-29,7.78638,23.44,22.64,18.47,14.05,4.64
2021-01-30,7.78638,23.44,22.64,18.47,14.05,4.64
2021-01-31,7.78638,23.44,22.64,18.47,14.05,4.64
2021-02-01,7.78003,23.57,22.77,18.57,13.95,4.64
2021-02-02,7.77836,23.57,22.77,18.57,13.95,4.64
2021-02-03,7.77857,23.57,22.77,18.57,13.95,4.64
2021-02-04,7.77652,23.57,22.77,18.57,13.95,4.64
2021-02-05,7.76627,23.57,22.77,18.57,13.95,4.64
2021-02-06,7.76627,23.57,22.77,18.57,13.95,4.64
2021-02-07,7.76627,23.57,22.77,18.57,13.95,4.64
2021-02-08,7.76611,23.98,23.18,18.98,14.25,4.64
2021-02-09,7.76291,23.98,23.18,18.98,14.25,4.64
2021-02-10,7.75873,23.98,23.18,18.98,14.25,4.64
2021-02-11,7.75519,23.98,23.18,18.98,14.25,4.64
2021-02-12,7.75002,23.98,23.18,18.98,14.25,4.64
2021-02-13,7.75002,23.98,23.18,18.98,14.25,4.64
2021-02-14,7.75002,23.98,23.18,18.98,14.25,4.64
2021-02-15,7.74667,24.39,23.59,19.79,14.40,4.64
2021-02-16,7.74640,24.39,23.59,19.79,14.40,4.64
2021-02-17,7.74185,24.39,23.59,19.79,14.40,4.64
2021-02-18,7.73698,24.39,23.59,19.79,14.99,4.64
2021-02-19,7.73197,24.39,23.59,19.79,14.99,4.64
2021-02-20,7.73197,24.39,23.59,19.79,14.99,4.64
2021-02-21,7.73197,24.39,23.59,19.79,14.99,4.64
2021-02-22,7.71868,25.10,24.30,20.50,14.99,4.64
2021-02-23,7.72021,25.10,24.30,20.50,14.99,4.64
2021-02-24,7.71568,25.10,24.30,20.50,14.99,4.64
2021-02-25,7.71480,25.10,24.30,20.50,14.99,4.64
2021-02-26,7.70922,25.10,24.30,20.50,14.99,4.64
2021-02-27,7.70922,25.10,24.30,20.50,14.99,4.64
2021-02-28,7.70922,25.10,24.30,20.50,14.99,4.64
2021-03-01,7.70606,25.85,25.05,20.86,15.54,4.64
2021-03-02,7.70271,25.85,25.05,20.86,15.54,4.64
2021-03-03,7.70784,25.85,25.05,20.86,15.54,4.64
2021-03-04,7.71007,25.85,25.05,20.86,15.54,4.64
2021-03-05,7.71553,25.85,25.05,20.86,15.54,4.64
2021-03-06,7.71553,25.85,25.05,20.86,15.54,4.64
2021-03-07,7.71553,25.85,25.05,20.86,15.54,4.64
2021-03-08,7.71276,26.60,25.81,21.31,15.79,4.64
2021-03-09,7.71698,26.60,25.81,21.31,15.79,4.64
2021-03-10,7.73021,26.60,25.81,21.31,15.79,4.64
2021-03-11,7.72378,26.60,25.81,21.31,15.79,4.72
2021-03-12,7.73057,26.60,25.81,21.31,15.79,4.80
2021-03-13,7.73057,26.60,25.81,21.31,15.79,4.80
2021-03-14,7.73057,26.60,25.81,21.31,15.79,4.80
2021-03-15,7.72429,27.27,26.47,21.68,15.79,4.80
2021-03-16,7.72084,27.27,26.47,21.68,15.79,4.80
2021-03-17,7.72462,27.27,26.47,21.68,15.79,4.80
2021-03-18,7.72059,27.27,26.47,21.68,15.79,4.80
2021-03-19,7.72156,27.27,26.47,21.68,15.79,4.80
2021-03-20,7.72156,27.27,26.47,21.68,15.79,4.80
2021-03-21,7.72156,27.27,26.47,21.68,15.79,4.80
2021-03-22,7.72274,27.02,26.22,21.41,15.79,4.80
2021-03-23,7.72002,27.02,26.22,21.41,15.79,4.80
2021-03-24,7.72758,27.02,26.22,21.41,15.79,4.80
2021-03-25,7.72719,27.02,26.22,21.41,15.79,4.80
2021-03-26,7.72379,27.02,26.22,21.41,15.79,4.80
2021-03-27,7.72379,27.02,26.22,21.41,15.79,4.80
2021-03-28,7.72379,27.02,26.22,21.41,15.79,4.80
2021-03-29,7.72267,26.35,25.56,20.80,15.59,4.80
2021-03-30,7.71990,26.35,25.56,20.80,15.59,4.80
2021-03-31,7.71498,26.35,25.56,20.80,15.59,4.80
2021-04-01,7.71498,26.35,25.56,20.80,15.59,4.80
2021-04-02,7.71498,26.35,25.56,20.80,15.59,4.80
2021-04-03,7.71498,26.35,25.56,20.80,15.59,4.80
2021-04-04,7.71498,26.35,25.56,20.80,15.59,4.80
2021-04-05,7.71790,26.45,25.66,20.71,15.59,4.80
2021-04-06,7.72277,26.45,25.66,20.71,15.59,4.80
2021-04-07,7.71815,26.45,25.66,20.71,15.59,4.80
2021-04-08,7.71725,26.45,25.66,20.71,15.59,4.80
2021-04-09,7.72209,26.45,25.66,20.71,15.59,4.80
2021-04-10,7.72209,26.45,25.66,20.71,15.59,4.80
2021-04-11,7.72209,26.45,25.66,20.71,15.59,4.80
2021-04-12,7.71748,26.97,26.17,20.43,15.44,4.80
2021-04-13,7.71454,26.97,26.17,20.43,15.44,4.80
2021-04-14,7.71791,26.97,26.17,20.43,15.44,4.80
2021-04-15,7.71877,26.97,26.17,20.43,15.44,4.80
2021-04-16,7.71832,26.97,26.17,20.43,15.44,4.80
2021-04-17,7.71832,26.97,26.17,20.43,15.44,4.80
2021-04-18,7.71832,26.97,26.17,20.43,15.44,4.80
2021-04-19,7.71216,27.00,26.20,20.59,16.14,4.80
2021-04-20,7.71103,27.00,26.20,20.59,16.14,4.80
2021-04-21,7.71206,27.00,26.20,20.59,16.14,4.80
2021-04-22,7.71432,27.00,26.20,20.59,16.14,4.80
2021-04-23,7.71463,27.00,26.20,20.59,16.14,4.80
2021-04-24,7.71463,27.00,26.20,20.59,16.14,4.80
2021-04-25,7.71463,27.00,26.20,20.59,16.14,4.80
2021-04-26,7.71238,27.27,26.49,20.87,16.44,4.80
2021-04-27,7.71167,27.27,26.49,20.87,16.44,4.80
2021-04-28,7.71934,27.27,26.49,20.87,16.44,4.80
2021-04-29,7.71649,27.27,26.49,20.87,16.44,4.80
2021-04-30,7.71812,27.27,26.49,20.87,16.44,4.80
2021-05-01,7.71812,27.27,26.49,20.87,16.44,4.80
2021-05-02,7.71812,27.27,26.49,20.87,16.44,4.80
2021-05-03,7.71812,27.29,26.49,21.12,16.44,4.80
2021-05-04,7.71336,27.29,26.49,21.12,16.44,4.80
2021-05-05,7.71288,27.29,26.49,21.12,16.44,4.80
2021-05-06,7.71170,27.29,26.49,21.12,16.44,4.80
2021-05-07,7.71133,27.29,26.49,21.12,16.44,4.80
2021-05-08,7.71133,27.29,26.49,21.12,16.44,4.80
2021-05-09,7.71133,27.29,26.49,21.12,16.44,4.80
2021-05-10,7.71048,27.89,27.09,21.79,16.84,4.80
2021-05-11,7.70861,27.89,27.09,21.79,16.84,4.80
2021-05-12,7.71034,27.89,27.09,21.79,16.84,4.80
2021-05-13,7.70898,27.89,27.09,21.79,16.84,4.80
2021-05-14,7.71020,27.89,27.09,21.79,16.84,4.80
2021-05-15,7.71020,27.89,27.09,21.79,16.84,4.80
2021-05-16,7.71020,27.89,27.09,21.79,16.84,4.80
2021-05-17,7.70923,27.90,27.09,21.79,16.99,4.80
2021-05-18,7.70920,27.90,27.09,21.79,16.99,4.80
2021-05-19,7.71246,27.90,27.09,21.79,16.99,4.80
2021-05-20,7.71203,27.90,27.09,21.79,16.99,4.80
2021-05-21,7.71822,27.90,27.09,21.79,16.99,4.80
2021-05-22,7.71822,27.90,27.09,21.79,16.99,4.80
2021-05-23,7.71822,27.90,27.09,21.79,16.99,4.80
2021-05-24,7.71544,27.88,27.08,21.78,16.62,4.80
2021-05-25,7.71791,27.88,27.08,21.78,16.62,4.80
2021-05-26,7.71942,27.88,27.08,21.78,16.62,4.80
2021-05-27,7.72190,27.88,27.08,21.78,16.62,4.80
2021-05-28,7.72459,27.88,27.08,21.78,16.62,4.80
2021-05-29,7.72459,27.88,27.08,21.78,16.62,4.80
2021-05-30,7.72459,27.88,27.08,21.78,16.62,4.80
2021-05-31,7.72117,28.01,27.22,22.29,16.45,4.80
2021-06-01,7.72935,28.01,27.22,22.29,16.45,4.80
2021-06-02,7.72179,28.01,27.22,22.29,16.45,4.80
2021-06-03,7.72533,28.01,27.22,22.29,16.45,4.80
2021-06-04,7.72994,28.01,27.22,22.29,16.45,4.80
2021-06-05,7.72994,28.01,27.22,22.29,16.45,4.80
2021-06-06,7.72994,28.01,27.22,22.29,16.45,4.80
2021-06-07,7.72393,27.99,27.20,22.58,16.78,4.80
2021-06-08,7.72481,27.99,27.20,22.58,16.78,4.80
2021-06-09,7.73186,27.99,27.20,22.58,16.78,4.80
2021-06-10,7.73802,27.99,27.20,22.58,16.78,4.80
2021-06-11,7.74072,27.99,27.20,22.58,16.78,4.80
2021-06-12,7.74072,27.99,27.20,22.58,16.78,4.80
2021-06-13,7.74072,27.99,27.20,22.58,16.78,4.80
2021-06-14,7.73700,28.19,27.40,22.70,17.04,4.80
2021-06-15,7.73582,28.19,27.40,22.70,17.04,4.80
2021-06-16,7.74111,28.19,27.40,22.70,17.04,4.80
2021-06-17,7.74153,28.19,27.40,22.70,17.04,4.80
2021-06-18,7.74443,28.19,27.40,22.70,17.04,4.80
2021-06-19,7.74443,28.19,27.40,22.70,17.04,4.80
2021-06-20,7.74443,28.19,27.40,22.70,17.04,4.80
2021-06-21,7.73757,27.68,26.86,21.88,17.29,4.80
2021-06-22,7.73800,27.68,26.86,21.88,17.29,4.80
2021-06-23,7.74412,27.68,26.86,21.88,17.29,4.80
2021-06-24,7.74428,27.68,26.86,21.88,17.29,4.80
2021-06-25,7.75033,27.68,26.86,21.88,17.29,4.80
2021-06-26,7.75033,27.68,26.86,21.88,17.29,4.80
2021-06-27,7.75033,27.68,26.86,21.88,17.29,4.80
2021-06-28,7.75033,27.68,26.86,21.88,17.59,4.80
2021-06-29,7.75033,27.60,26.80,21.81,17.59,4.80
2021-06-30,7.74404,27.60,26.80,21.81,17.59,4.80
2021-07-01,7.74400,27.60,26.80,21.81,17.59,4.80
2021-07-02,7.74502,27.60,26.80,21.81,17.59,4.80
2021-07-03,7.74502,27.60,26.80,21.81,17.59,4.80
2021-07-04,7.74502,27.60,26.80,21.81,17.59,4.80
2021-07-05,7.74235,28.78,27.98,22.97,17.59,4.80
2021-07-06,7.74274,28.78,27.98,22.97,17.59,4.80
2021-07-07,7.74339,28.78,27.98,22.97,17.59,4.80
2021-07-08,7.72481,28.78,27.98,22.97,17.59,4.80
2021-07-09,7.73186,28.78,27.98,22.97,17.59,4.80
2021-07-10,7.73802,28.78,27.98,22.97,17.59,4.80
2021-07-11,7.74072,28.78,27.98,22.97,17.59,4.80
2021-07-12,7.74072,28.64,27.84,22.82,17.09,4.80
2021-07-13,7.74072,28.64,27.84,22.82,17.09,4.80
2021-07-14,7.74309,28.64,27.84,22.82,17.09,4.80
2021-07-15,7.74341,28.64,27.84,22.82,17.09,4.80
2021-07-16,7.74478,28.64,27.84,22.82,17.09,4.80
2021-07-17,7.74478,28.64,27.84,22.82,17.09,4.80
2021-07-18,7.74478,28.64,27.84,22.82,17.09,4.80
2021-07-19,7.74535,28.34,27.54,22.55,17.32,4.80
2021-07-20,7.74279,28.34,27.54,22.55,17.32,4.80
2021-07-21,7.74457,28.34,27.54,22.55,17.32,4.80
2021-07-22,7.74615,28.34,27.54,22.55,17.32,4.80
2021-07-23,7.74671,28.34,27.54,22.55,17.32,4.80
2021-07-24,7.74671,28.34,27.54,22.55,17.32,4.80
2021-07-25,7.74671,28.34,27.54,22.55,17.32,4.80
2021-07-26,7.74425,28.09,27.29,22.10,16.82,4.80
2021-07-27,7.74312,28.09,27.29,22.10,16.82,4.80
2021-07-28,7.74328,28.09,27.29,22.10,16.82,4.80
2021-07-29,7.74762,28.09,27.29,22.10,16.82,4.80
2021-07-30,7.74751,28.09,27.29,22.10,16.82,4.80
2021-07-31,7.74751,28.09,27.29,22.10,16.82,4.80
2021-08-01,7.74751,28.09,27.29,22.10,16.82,4.80
2021-08-02,7.74846,29.10,28.28,23.10,17.32,4.80
2021-08-03,7.74181,29.10,28.28,23.10,17.32,4.80
2021-08-04,7.74579,29.10,28.28,23.10,17.32,4.80
2021-08-05,7.74765,29.10,28.28,23.10,17.32,4.80
2021-08-06,7.74821,29.10,28.28,23.10,17.32,4.80
2021-08-07,7.74821,29.10,28.28,23.10,17.32,4.80
2021-08-08,7.74821,29.10,28.28,23.10,17.32,4.80
2021-08-09,7.74671,29.09,28.27,23.09,17.02,4.80
2021-08-10,7.74134,29.09,28.27,23.09,17.02,4.80
2021-08-11,7.73950,29.09,28.27,23.09,17.02,4.80
2021-08-12,7.73969,29.09,28.27,23.09,17.02,4.80
2021-08-13,7.73802,29.09,28.27,23.09,17.02,4.80
2021-08-14,7.73802,29.09,28.27,23.09,17.02,4.80
2021-08-15,7.73802,29.09,28.27,23.09,17.02,4.80
2021-08-16,7.73802,29.09,28.27,23.09,17.02,4.80
2021-08-17,7.73577,28.80,28.00,22.80,17.02,4.80
2021-08-18,7.73522,28.80,28.00,22.80,17.02,4.80
2021-08-19,7.73636,28.80,28.00,22.80,17.02,4.80
2021-08-20,7.73501,28.80,28.00,22.80,17.02,4.80
2021-08-21,7.73501,28.80,28.00,22.80,17.02,4.80
2021-08-22,7.73501,28.80,28.00,22.80,17.02,4.80
2021-08-23,7.73248,28.79,27.99,22.79,16.67,4.80
2021-08-24,7.73216,28.79,27.99,22.79,16.67,4.80
2021-08-25,7.73273,28.79,27.99,22.79,16.67,4.80
2021-08-26,7.73256,28.79,27.99,22.79,16.67,4.80
2021-08-27,7.73179,28.79,27.99,22.79,16.67,4.80
2021-08-28,7.73179,28.79,27.99,22.79,16.67,4.80
2021-08-29,7.73179,28.79,27.99,22.79,16.67,4.80
2021-08-30,7.72752,28.79,27.99,22.79,17.57,4.80
2021-08-31,7.72957,28.79,27.99,22.79,17.57,4.80
2021-09-01,7.73080,28.79,27.99,22.79,17.57,4.80
2021-09-02,7.73415,28.79,27.99,22.79,17.57,4.80
2021-09-03,7.73213,28.79,27.99,22.79,17.57,4.80
2021-09-04,7.73213,28.79,27.99,22.79,17.57,4.80
2021-09-05,7.73213,28.79,27.99,22.79,17.57,4.80
2021-09-06,7.72922,29.11,28.40,23.20,17.87,4.80
2021-09-07,7.73432,29.11,28.40,23.20,17.87,4.80
2021-09-08,7.73144,29.11,28.40,23.20,17.87,4.80
2021-09-09,7.72900,29.11,28.40,23.20,17.87,4.80
2021-09-10,7.73025,29.11,28.40,23.20,17.87,4.80
2021-09-11,7.73025,29.11,28.40,23.20,17.87,4.80
2021-09-12,7.73025,29.11,28.40,23.20,17.87,4.80
2021-09-13,7.72909,29.08,28.40,23.47,17.41,4.80
2021-09-14,7.72760,29.08,28.40,23.47,17.41,4.80
2021-09-15,7.72760,29.08,28.40,23.47,17.41,4.80
2021-09-16,7.72827,29.08,28.40,23.47,17.41,4.80
2021-09-17,7.73272,29.08,28.40,23.47,17.41,4.80
2021-09-18,7.73272,29.08,28.40,23.47,17.41,4.80
2021-09-19,7.73272,29.08,28.40,23.47,17.41,4.80
2021-09-20,7.73082,29.27,28.58,23.77,17.55,5.04
2021-09-21,7.72868,29.27,28.58,23.77,17.55,5.04
2021-09-22,7.73206,29.27,28.58,23.77,17.55,5.04
2021-09-23,7.73345,29.27,28.58,23.77,17.55,5.16
2021-09-24,7.73690,29.27,28.58,23.77,17.55,5.16
2021-09-25,7.73690,29.27,28.58,23.77,17.55,5.16
2021-09-26,7.73690,29.27,28.58,23.77,17.55,5.16
2021-09-27,7.73277,29.29,28.59,23.79,17.80,5.16
2021-09-28,7.73175,29.29,28.59,23.79,17.80,5.16
2021-09-29,7.73524,29.29,28.59,23.79,17.80,5.16
2021-09-30,7.73365,29.29,28.59,23.79,17.80,5.28
2021-10-01,7.73369,29.29,28.59,23.79,17.80,5.28
2021-10-02,7.73369,29.29,28.59,23.79,17.80,5.28
2021-10-03,7.73369,29.29,28.59,23.79,17.80,5.28
2021-10-04,7.72995,29.01,28.30,24.48,18.55,5.28
2021-10-05,7.72931,29.01,28.30,24.48,18.55,5.28
2021-10-06,7.73116,29.01,28.30,24.48,18.55,5.28
2021-10-07,7.73216,29.01,28.30,24.48,18.55,5.28
2021-10-08,7.73128,29.01,28.30,24.48,18.55,5.28
2021-10-09,7.73128,29.01,28.30,24.48,18.55,5.28
2021-10-10,7.73128,29.01,28.30,24.48,18.55,5.28
2021-10-11,7.72898,29.98,29.28,25.41,19.35,5.28
2021-10-12,7.72898,29.98,29.28,25.41,19.35,5.28
2021-10-13,7.73177,29.98,29.28,25.41,19.35,5.28
2021-10-14,7.72891,29.98,29.28,25.41,19.35,5.28
2021-10-15,7.73147,29.98,29.28,25.41,19.35,5.28
2021-10-16,7.73147,29.98,29.28,25.41,19.35,5.28
2021-10-17,7.73147,29.98,29.28,25.41,19.35,5.28
2021-10-18,7.73017,29.97,29.28,25.44,19.45,5.28
2021-10-19,7.72756,29.97,29.28,25.44,19.45,5.28
2021-10-20,7.72756,29.97,29.28,25.44,19.45,5.28
2021-10-21,7.72975,29.97,29.28,25.44,19.45,5.28
2021-10-22,7.73264,29.97,29.28,25.44,19.45,5.28
2021-10-23,7.73264,29.97,29.28,25.44,19.45,5.28
2021-10-24,7.73264,29.97,29.28,25.44,19.45,5.28
2021-10-25,7.72948,30.98,30.28,26.49,19.22,5.28
2021-10-26,7.72908,30.98,30.28,26.49,19.22,5.28
2021-10-27,7.73331,30.98,30.28,26.49,19.22,5.28
2021-10-28,7.73647,30.98,30.28,26.49,19.22,5.28
2021-10-29,7.73464,30.98,30.28,26.49,19.22,5.28
2021-10-30,7.73464,30.98,30.28,26.49,19.22,5.28
2021-10-31,7.73464,30.98,30.28,26.49,19.22,5.28
2021-11-01,7.73464,30.98,30.28,26.49,19.22,5.55
2021-11-02,7.73554,30.98,30.28,26.48,18.95,5.55
2021-11-03,7.73091,30.98,30.28,26.48,18.95,5.55
2021-11-04,7.73206,30.98,30.28,26.48,18.95,5.55
2021-11-05,7.73221,30.98,30.28,26.48,18.95,5.55
2021-11-06,7.73221,30.98,30.28,26.48,18.95,5.55
2021-11-07,7.73221,30.98,30.28,26.48,18.95,5.55
2021-11-08,7.72991,30.99,30.30,26.49,18.45,5.55
2021-11-09,7.72837,30.99,30.30,26.49,18.45,5.55
2021-11-10,7.72687,30.99,30.30,26.49,18.45,5.55
2021-11-11,7.72750,30.99,30.30,26.49,18.45,5.55
2021-11-12,7.73171,30.99,30.30,26.49,18.45,5.55
2021-11-13,7.73171,30.99,30.30,26.49,18.45,5.55
2021-11-14,7.73171,30.99,30.30,26.49,18.45,5.55
2021-11-15,7.72977,30.63,29.93,26.12,18.30,5.55
2021-11-16,7.72696,30.63,29.93,26.12,18.30,5.55
2021-11-17,7.73290,30.63,29.93,26.12,18.30,5.55
2021-11-18,7.73088,30.63,29.93,26.12,18.30,5.55
2021-11-19,7.73298,30.63,29.93,26.12,18.30,5.55
2021-11-20,7.73298,30.63,29.93,26.12,18.30,5.55
2021-11-21,7.73298,30.63,29.93,26.12,18.30,5.55
2021-11-22,7.72540,30.01,29.32,25.70,18.45,5.55
2021-11-23,7.72921,30.01,29.32,25.70,18.45,5.55
2021-11-24,7.73146,30.01,29.32,25.70,18.45,5.55
2021-11-25,7.73144,30.01,29.32,25.70,18.45,5.55
2021-11-26,7.73483,30.01,29.32,25.70,18.45,5.55
2021-11-27,7.73483,30.01,29.32,25.70,18.45,5.55
2021-11-28,7.73483,30.01,29.32,25.70,18.45,5.55
2021-11-29,7.73149,29.78,29.07,25.33,17.95,5.55
2021-11-30,7.73058,29.78,29.07,25.33,17.95,5.55
2021-12-01,7.73219,29.78,29.07,25.33,17.95,4.88
2021-12-02,7.73080,29.78,29.07,25.33,17.95,4.88
2021-12-03,7.73654,29.78,29.07,25.33,17.95,4.88
2021-12-04,7.73654,29.78,29.07,25.33,17.95,4.88
2021-12-05,7.73654,29.78,29.07,25.33,17.95,4.88
2021-12-06,7.72819,28.82,28.10,24.36,16.95,4.88
2021-12-07,7.72825,28.82,28.10,24.36,16.95,4.88
2021-12-08,7.73170,28.82,28.10,24.36,16.95,4.88
2021-12-09,7.72860,28.82,28.10,24.36,16.95,4.88
2021-12-10,7.73244,28.82,28.10,24.36,16.95,4.88
2021-12-11,7.73244,28.82,28.10,24.36,16.95,4.88
2021-12-12,7.73244,28.82,28.10,24.36,16.95,4.88
2021-12-13,7.72760,28.78,28.06,24.28,16.95,4.88
2021-12-14,7.72471,28.78,28.06,24.28,16.95,4.88
2021-12-15,7.72525,28.78,28.06,24.28,16.95,4.88
2021-12-16,7.72374,28.78,28.06,24.28,16.95,4.88
2021-12-17,7.72464,28.78,28.06,24.28,16.95,4.88
2021-12-18,7.72464,28.78,28.06,24.28,16.95,4.88
2021-12-19,7.72464,28.78,28.06,24.28,16.95,4.88
2021-12-20,7.72210,28.78,28.06,24.28,17.10,4.88
2021-12-21,7.71769,28.78,28.06,24.28,17.10,4.88
2021-12-22,7.72082,28.78,28.06,24.28,17.10,4.88
2021-12-23,7.71827,28.78,28.06,24.28,17.10,4.88
2021-12-24,7.71628,28.78,28.06,24.28,17.10,4.88
2021-12-25,7.71628,28.78,28.06,24.28,17.10,4.88
2021-12-26,7.71628,28.78,28.06,24.28,17.10,4.88
2021-12-27,7.71628,28.69,27.91,24.51,17.28,4.88
2021-12-28,7.72447,28.69,27.91,24.51,17.28,4.88
2021-12-29,7.71924,28.69,27.91,24.51,17.28,4.88
2021-12-30,7.71912,28.69,27.91,24.51,17.28,4.88
2021-12-31,7.71912,28.69,27.91,24.51,17.28,4.88
2022-01-01,7.71912,28.69,27.91,24.51,17.28,4.88
2022-01-02,7.71912,28.69,27.91,24.51,17.28,4.88
2022-01-03,7.71912,28.79,27.99,24.60,17.91,4.88
2022-01-04,7.71745,28.79,27.99,24.60,17.91,4.88
2022-01-05,7.71558,28.79,27.99,24.60,17.91,4.88
2022-01-06,7.71823,28.79,27.99,24.60,17.91,4.88
2022-01-07,7.71343,28.79,27.99,24.60,17.91,4.88
2022-01-08,7.71343,28.79,27.99,24.60,17.91,4.88
2022-01-09,7.71343,28.79,27.99,24.60,17.91,4.88
2022-01-10,7.71101,29.65,28.85,25.46,18.55,4.88
2022-01-11,7.70832,29.65,28.85,25.46,18.55,4.88
2022-01-12,7.70898,29.65,28.85,25.46,18.55,4.88
2022-01-13,7.70620,29.65,28.85,25.46,18.55,4.88
2022-01-14,7.70777,29.65,28.85,25.46,18.55,4.88
2022-01-15,7.70777,29.65,28.85,25.46,18.55,4.88
2022-01-16,7.70777,29.65,28.85,25.46,18.55,4.88
2022-01-17,7.70046,30.49,29.69,26.49,18.97,4.88
2022-01-18,7.70453,30.49,29.69,26.49,18.97,4.88
2022-01-19,7.69958,30.49,29.69,26.49,18.97,4.88
2022-01-20,7.69537,30.49,29.69,26.49,18.97,4.88
2022-01-21,7.69195,30.49,29.69,26.49,18.97,4.88
2022-01-22,7.69195,30.49,29.69,26.49,18.97,4.88
2022-01-23,7.69195,30.49,29.69,26.49,18.97,4.88
2022-01-24,7.68855,31.49,30.69,27.49,19.55,4.88
2022-01-25,7.68581,31.49,30.69,27.49,19.55,4.88
2022-01-26,7.68541,31.49,30.69,27.49,19.55,4.88
2022-01-27,7.68649,31.49,30.69,27.49,19.55,4.88
2022-01-28,7.68995,31.49,30.69,27.49,19.55,4.88
2022-01-29,7.68995,31.49,30.69,27.49,19.55,4.88
2022-01-30,7.68995,31.49,30.69,27.49,19.55,4.88
2022-01-31,7.68981,31.50,30.69,27.98,19.85,4.88
2022-02-01,7.68555,31.50,30.69,27.98,19.85,4.88
2022-02-02,7.69221,31.50,30.69,27.98,19.85,4.88
2022-02-03,7.69189,31.50,30.69,27.98,19.85,4.88
2022-02-04,7.69495,31.50,30.69,27.98,19.85,4.88
2022-02-05,7.69495,31.50,30.69,27.98,19.85,4.88
2022-02-06,7.69495,31.50,30.69,27.98,19.85,4.88
2022-02-07,7.69122,32.19,32.39,28.58,20.30,4.88
2022-02-08,7.68860,32.19,32.39,28.58,20.30,4.88
2022-02-09,7.69229,32.19,32.39,28.58,20.30,4.88
2022-02-10,7.69531,32.19,32.39,28.58,20.30,4.88
2022-02-11,7.69226,32.19,32.39,28.58,20.30,4.88
2022-02-12,7.69226,32.19,32.39,28.58,20.30,4.88
2022-02-13,7.69226,32.19,32.39,28.58,20.30,4.88
2022-02-14,7.69255,32.22,31.42,28.61,20.35,4.88
2022-02-15,7.68841,32.22,31.42,28.61,20.35,4.88
2022-02-16,7.69562,32.22,31.42,28.61,20.35,4.88
2022-02-17,7.69349,32.22,31.42,28.61,20.35,4.88
2022-02-18,7.70039,32.22,31.42,28.61,20.35,4.88
2022-02-19,7.70039,32.22,31.42,28.61,20.35,4.88
2022-02-20,7.70039,32.22,31.42,28.61,20.35,4.88
2022-02-21,7.69849,33.50,32.70,29.88,20.35,4.88
2022-02-22,7.70788,33.50,32.70,29.88,20.35,4.88
2022-02-23,7.70468,33.50,32.70,29.88,20.35,4.88
2022-02-24,7.71285,33.50,32.70,29.88,20.35,4.88
2022-02-25,7.71690,33.50,32.70,29.88,20.35,4.88
2022-02-26,7.71690,33.50,32.70,29.88,20.35,4.88
2022-02-27,7.71690,33.50,32.70,29.88,20.35,4.88
2022-02-28,7.71322,33.88,33.29,30.09,20.00,4.88
2022-03-01,7.70440,33.88,33.29,30.09,20.00,5.68
2022-03-02,7.70543,33.88,33.29,30.09,20.00,5.68
2022-03-03,7.71199,35.99,35.39,33.09,20.00,5.68
2022-03-04,7.71002,35.99,35.39,33.09,20.00,5.68
2022-03-05,7.71002,35.99,35.39,33.09,20.00,5.68
2022-03-06,7.71002,35.99,35.39,33.09,20.00,5.68
2022-03-07,7.70431,37.98,37.39,36.09,21.90,5.68
2022-03-08,7.69932,37.98,37.39,36.09,21.90,5.68
2022-03-09,7.70110,39.99,39.42,40.25,21.90,5.88
2022-03-10,7.70164,39.99,39.42,40.25,21.90,5.88
2022-03-11,7.70105,39.99,39.42,40.25,21.90,5.88
2022-03-12,7.70105,39.99,39.42,40.25,21.90,5.88
2022-03-13,7.70105,37.98,37.39,35.48,21.90,5.88
2022-03-14,7.69793,37.98,37.39,35.48,24.96,5.88
2022-03-15,7.69146,37.98,37.39,35.48,24.96,5.88
2022-03-16,7.69510,38.00,37.39,35.70,24.60,5.88
2022-03-17,7.69380,38.00,37.39,35.70,24.60,5.88
2022-03-18,7.69159,38.00,37.39,35.70,24.60,5.68
2022-03-19,7.69159,38.00,37.39,35.70,24.60,5.68
2022-03-20,7.69159,38.00,37.39,35.70,24.60,5.68
2022-03-21,7.68837,38.09,34.47,35.66,22.70,5.68
2022-03-22,7.68464,38.09,34.47,35.66,22.70,5.68
2022-03-23,7.68438,38.09,34.47,35.66,22.70,5.68
2022-03-24,7.68270,38.09,34.47,35.66,22.70,5.68
2022-03-25,7.68169,38.09,34.47,35.66,22.70,5.68
2022-03-26,7.68169,38.09,34.47,35.66,22.70,5.68
2022-03-27,7.68169,38.09,34.47,35.66,22.70,5.68
2022-03-28,7.67889,38.09,34.47,35.66,22.70,5.68
2022-03-29,7.67830,38.09,34.47,35.66,22.70,5.68
2022-03-30,7.68052,38.91,38.31,37.39,25.10,5.68
2022-03-31,7.68025,38.91,38.31,37.39,25.10,5.68
2022-04-01,7.67947,38.91,38.31,37.39,25.10,4.88
2022-04-02,7.67947,38.91,38.31,37.39,25.10,4.88
2022-04-03,7.67947,38.91,38.31,37.39,25.10,4.88
2022-04-04,7.67499,38.91,38.31,37.39,25.10,4.88
2022-04-05,7.67298,38.91,38.31,37.39,25.10,4.88
2022-04-06,7.67500,37.98,35.09,32.25,23.66,4.88
2022-04-07,7.66993,37.98,35.09,32.25,23.66,4.88
2022-04-08,7.66874,37.98,35.09,32.25,23.66,4.88
2022-04-09,7.66874,37.98,35.09,32.25,23.66,4.88
2022-04-10,7.66874,37.98,35.09,32.25,23.66,4.88
2022-04-11,7.66512,37.98,35.09,32.25,23.66,4.88
2022-04-12,7.66356,37.37,34.23,32.08,22.94,4.88
2022-04-13,7.65901,37.37,34.23,32.08,22.94,4.88
2022-04-14,7.65901,37.37,34.23,32.08,22.94,4.88
2022-04-15,7.65901,37.37,34.23,32.08,22.94,4.88
2022-04-16,7.65901,37.37,34.23,32.08,22.94,4.88
2022-04-17,7.65901,37.37,34.23,32.08,22.94,4.88
2022-04-18,7.65849,37.37,34.23,32.08,22.94,4.88
2022-04-19,7.65599,37.37,34.23,32.08,22.94,4.88
2022-04-20,7.65576,37.66,34.65,32.65,22.94,4.88
2022-04-21,7.65446,37.66,34.65,32.65,22.94,4.88
2022-04-22,7.65309,37.66,34.65,32.65,22.94,4.88
2022-04-23,7.65309,37.66,34.65,32.65,22.94,4.88
2022-04-24,7.65309,37.66,34.65,32.65,22.94,4.88
2022-04-25,7.65090,37.66,34.65,32.65,22.94,4.88
2022-04-26,7.65144,38.42,35.38,34.81,23.42,4.88
2022-04-27,7.65353,38.42,35.38,34.81,23.42,4.88
2022-04-28,7.65775,38.42,35.38,34.81,23.42,4.88
2022-04-29,7.66517,38.42,35.38,34.81,23.42,4.88
2022-04-30,7.66517,38.42,35.38,34.81,23.42,4.88
2022-05-01,7.66517,38.42,35.38,34.81,23.42,4.88
2022-05-02,7.66517,38.42,35.38,34.81,23.42,4.88
2022-05-03,7.66140,38.42,35.38,34.81,23.42,4.88
2022-05-04,7.66582,39.26,36.16,37.65,23.27,4.88
2022-05-05,7.67075,39.26,36.16,37.65,23.27,4.88
2022-05-06,7.66795,39.26,36.16,37.65,23.27,4.88
2022-05-07,7.66795,39.26,36.16,37.65,23.27,4.88
2022-05-08,7.66795,39.26,36.16,37.65,23.27,4.88
2022-05-09,7.66706,39.26,36.16,37.65,23.27,4.88
2022-05-10,7.66326,41.65,38.55,38.42,23.57,4.88
2022-05-11,7.66764,41.65,38.55,38.42,23.57,4.88
2022-05-12,7.66945,41.65,38.55,38.42,23.57,4.88
2022-05-13,7.66915,41.65,38.55,38.42,23.57,4.88
2022-05-14,7.66915,41.65,38.55,38.42,23.57,4.88
2022-05-15,7.66915,41.65,38.55,38.42,23.57,4.88
2022-05-16,7.66475,41.65,38.55,38.42,23.57,4.88
2022-05-17,7.66612,43.24,40.13,35.32,23.27,4.88
2022-05-18,7.66642,43.24,40.13,35.32,23.27,4.88
2022-05-19,7.66703,43.24,40.13,35.32,23.27,4.88
2022-05-20,7.66692,43.24,40.13,35.32,23.27,4.88
2022-05-21,7.66692,43.24,40.13,35.32,23.27,4.88
2022-05-22,7.66692,43.24,40.13,35.32,23.27,4.88
2022-05-23,7.66903,43.24,40.13,35.32,23.27,4.88
2022-05-24,7.66774,42.98,39.87,32.26,24.15,4.88
2022-05-25,7.67577,42.98,39.87,32.26,24.15,4.88
2022-05-26,7.67318,42.98,39.87,32.26,24.15,4.88
2022-05-27,7.68190,42.98,39.87,32.26,24.15,4.88
2022-05-28,7.68190,42.98,39.87,32.26,24.15,4.88
2022-05-29,7.68190,42.98,39.87,32.26,24.15,4.88
2022-05-30,7.67765,42.98,39.87,32.26,24.15,4.88
2022-05-31,7.68434,39.14,37.92,30.50,24.52,4.88
2022-06-01,7.69552,39.14,37.92,30.50,24.52,4.88
2022-06-02,7.70758,39.14,37.92,30.50,24.52,4.88
2022-06-03,7.71242,39.14,37.92,30.50,24.52,4.88
2022-06-04,7.71242,39.14,37.92,30.50,24.52,4.88
2022-06-05,7.71242,39.14,37.92,30.50,24.52,4.88
2022-06-06,7.70466,39.14,37.92,30.50,24.52,4.88
2022-06-07,7.70703,39.71,38.71,32.87,24.52,4.88
2022-06-08,7.72074,39.71,38.71,32.87,24.52,4.88
2022-06-09,7.72609,39.71,38.71,32.87,24.52,4.88
2022-06-10,7.73206,39.71,38.71,32.87,24.52,4.88
2022-06-11,7.73206,39.71,38.71,32.87,24.52,4.88
2022-06-12,7.73206,39.71,38.71,32.87,24.52,4.88
2022-06-13,7.73104,39.71,38.71,32.87,24.52,4.88
2022-06-14,7.73281,41.51,40.50,35.44,24.37,4.88
2022-06-15,7.73886,41.51,40.50,35.44,24.37,4.88
2022-06-16,7.73889,41.51,40.50,35.44,24.37,4.88
2022-06-17,7.74046,41.51,40.50,35.44,24.37,4.88
2022-06-18,7.74046,41.51,40.50,35.44,24.37,4.88
2022-06-19,7.74046,41.51,40.50,35.44,24.37,4.88
2022-06-20,7.74102,41.51,40.50,35.44,24.37,4.88
2022-06-21,7.74969,40.63,39.62,36.89,23.77,4.88
2022-06-22,7.74745,40.63,39.62,36.89,23.77,4.88
2022-06-23,7.75104,40.63,39.62,36.89,23.77,4.88
2022-06-24,7.75890,40.63,39.62,36.89,23.77,4.88
2022-06-25,7.75890,40.63,39.62,36.89,23.77,4.88
2022-06-26,7.75890,40.63,39.62,36.89,23.77,4.88
2022-06-27,7.75404,40.63,39.62,36.89,23.77,4.88
2022-06-28,7.75980,39.43,38.43,36.40,23.52,4.88
2022-06-29,7.75819,39.43,38.43,36.40,23.52,4.88
2022-06-30,7.75608,39.43,38.43,36.40,23.52,4.88
2022-07-01,7.75608,39.43,38.43,36.40,23.52,4.88
2022-07-02,7.75608,39.43,38.43,36.40,23.52,4.88
2022-07-03,7.75608,39.43,38.43,36.40,23.52,4.88
2022-07-04,7.75608,39.43,38.43,36.40,23.52,4.88
2022-07-05,7.75281,39.17,38.17,33.88,23.09,4.88
2022-07-06,7.74979,39.17,38.17,33.88,23.09,4.88
2022-07-07,7.74659,39.17,38.17,33.88,23.09,4.88
2022-07-08,7.74712,39.17,38.17,33.88,23.09,4.88
2022-07-09,7.74712,39.17,38.17,33.88,23.09,4.88
2022-07-10,7.74712,39.17,38.17,33.88,23.09,4.88
2022-07-11,7.74370,39.17,38.17,33.88,23.09,4.88
2022-07-12,7.74028,36.56,35.58,31.30,21.74,4.88
2022-07-13,7.73859,36.56,35.58,31.30,21.74,4.88
2022-07-14,7.73526,36.56,35.58,31.30,21.74,4.88
2022-07-15,7.73556,36.56,35.58,31.30,21.74,4.88
2022-07-16,7.73556,36.56,35.58,31.30,21.74,4.88
2022-07-17,7.73556,36.56,35.58,31.30,21.74,4.88
2022-07-18,7.73159,36.56,35.58,31.30,21.74,4.88
2022-07-19,7.72793,33.66,32.75,31.01,20.15,4.88
2022-07-20,7.73174,33.66,32.75,31.01,20.15,4.88
2022-07-21,7.72924,33.66,32.75,31.01,20.15,4.88
2022-07-22,7.73052,33.66,32.75,31.01,20.15,4.88
2022-07-23,7.73052,33.66,32.75,31.01,20.15,4.88
2022-07-24,7.73052,33.66,32.75,31.01,20.15,4.88
2022-07-25,7.72780,33.66,32.75,31.01,20.15,4.88
2022-07-26,7.72833,32.69,31.76,29.90,21.20,4.88
2022-07-27,7.73171,32.69,31.76,29.90,21.20,4.88
2022-07-28,7.73485,32.69,31.76,29.90,21.20,4.88
2022-07-29,7.73654,32.69,31.76,29.90,21.20,4.88
2022-07-30,7.73654,32.69,31.76,29.90,21.20,4.88
2022-07-31,7.73654,32.69,31.76,29.90,21.20,4.88
2022-08-01,7.72946,32.69,31.76,29.90,21.20,4.88
2022-08-02,7.72848,32.37,31.47,29.37,22.05,4.88
2022-08-03,7.73292,32.37,31.47,29.37,22.05,4.88
2022-08-04,7.73330,32.37,31.47,29.37,22.05,4.88
2022-08-05,7.73337,32.37,31.47,29.37,22.05,4.88
2022-08-06,7.73337,32.37,31.47,29.37,22.05,4.88
2022-08-07,7.73337,32.37,31.47,29.37,22.05,4.88
2022-08-08,7.72989,32.37,31.47,29.37,22.05,4.88
2022-08-09,7.72580,35.64,34.75,33.98,21.35,4.88
2022-08-10,7.73248,35.64,34.75,33.98,21.35,4.88
2022-08-11,7.73132,35.64,34.75,33.98,21.35,4.88
2022-08-12,7.73400,35.64,34.75,33.98,21.35,4.88
2022-08-13,7.73400,35.64,34.75,33.98,21.35,4.88
2022-08-14,7.73400,35.64,34.75,33.98,21.35,4.88
2022-08-15,7.73400,35.64,34.75,33.98,21.35,4.88
2022-08-16,7.72649,36.32,35.39,35.10,21.13,4.88
2022-08-17,7.72851,36.32,35.39,35.10,21.13,4.88
2022-08-18,7.73095,36.32,35.39,35.10,21.13,4.88
2022-08-19,7.72780,36.32,35.39,35.10,21.13,4.88
2022-08-20,7.72780,36.32,35.39,35.10,21.13,4.88
2022-08-21,7.72780,36.32,35.39,35.10,21.13,4.88
2022-08-22,7.72716,36.32,35.39,35.10,21.13,4.88
2022-08-23,7.72815,35.65,34.72,35.80,19.88,4.88
2022-08-24,7.73053,35.65,34.72,35.80,19.88,4.88
2022-08-25,7.73380,35.65,34.72,35.80,19.88,4.88
2022-08-26,7.73368,35.65,34.72,35.80,19.88,4.88
2022-08-27,7.73368,35.65,34.72,35.80,19.88,4.88
2022-08-28,7.73368,35.65,34.72,35.80,19.88,4.88
2022-08-29,7.73147,35.65,34.72,35.80,19.88,4.88
2022-08-30,7.73099,35.55,34.62,35.19,20.06,4.88
2022-08-31,7.73819,35.55,34.62,35.19,20.06,4.88
2022-09-01,7.74080,35.55,34.62,35.19,20.06,5.68
2022-09-02,7.74268,35.55,34.62,35.19,20.06,5.68
2022-09-03,7.74268,35.55,34.62,35.19,20.06,5.68
2022-09-04,7.74268,35.55,34.62,35.19,20.06,5.68
2022-09-05,7.74108,34.49,33.58,32.24,19.45,5.68
2022-09-06,7.75755,34.49,33.58,32.24,19.45,5.68
2022-09-07,7.75842,34.49,33.58,32.24,19.45,5.68
2022-09-08,7.77893,34.49,33.58,32.24,19.45,5.68
2022-09-09,7.79688,34.49,33.58,32.24,19.45,5.68
2022-09-10,7.79688,34.49,33.58,32.24,19.45,5.68
2022-09-11,7.79688,34.49,33.58,32.24,19.45,5.68
2022-09-12,7.78774,34.16,33.24,31.41,19.45,5.68
2022-09-13,7.78898,34.16,33.24,31.41,19.45,5.68
2022-09-14,7.79585,34.16,33.24,31.41,19.45,5.68
2022-09-15,7.79585,34.16,33.24,31.41,19.45,5.68
2022-09-16,7.79626,34.16,33.24,31.41,19.45,5.68
2022-09-17,7.79626,34.16,33.24,31.41,19.45,5.68
2022-09-18,7.79626,34.16,33.24,31.41,19.45,5.68
2022-09-19,7.79986,34.12,33.22,30.00,17.57,5.68
2022-09-20,7.80091,34.12,33.22,30.00,17.57,5.68
2022-09-21,7.81384,34.12,33.22,30.00,17.57,5.68
2022-09-22,7.82975,34.12,33.22,30.00,17.57,5.68
2022-09-23,7.84200,34.12,33.22,30.00,17.57,5.68
2022-09-24,7.84200,34.12,33.22,30.00,17.57,5.68
2022-09-25,7.84200,34.12,33.22,30.00,17.57,5.68
2022-09-26,7.84218,34.18,33.28,29.16,16.92,5.68
2022-09-27,7.84578,34.18,33.28,29.16,16.92,5.68
2022-09-28,7.85501,34.18,33.28,29.16,16.92,5.68
2022-09-29,7.86284,34.18,33.28,29.16,16.92,5.68
2022-09-30,7.88368,34.18,33.28,29.16,16.92,5.68
2022-10-01,7.88368,34.18,33.28,29.16,16.92,4.88
2022-10-02,7.88368,34.18,33.28,29.16,16.92,4.88
2022-10-03,7.89856,34.16,33.27,32.33,15.92,4.88
2022-10-04,7.90963,34.16,33.27,32.33,15.92,4.88
2022-10-05,7.91233,34.16,33.27,32.33,15.92,4.88
2022-10-06,7.90260,35.19,34.29,35.89,15.92,4.88
2022-10-07,7.89334,35.19,34.29,35.89,15.92,4.88
2022-10-08,7.89334,35.19,34.29,35.89,15.92,4.88
2022-10-09,7.89334,35.19,34.29,35.89,15.92,4.88
2022-10-10,7.87662,36.92,35.99,38.46,16.22,4.88
2022-10-11,7.87570,36.92,35.99,38.46,16.22,4.88
2022-10-12,7.87570,36.92,35.99,38.46,16.22,4.88
2022-10-13,7.86625,36.92,35.99,38.46,16.22,4.88
2022-10-14,7.86252,36.92,35.99,38.46,16.22,4.88
2022-10-15,7.86252,36.92,35.99,38.46,16.22,4.88
2022-10-16,7.86252,36.92,35.99,38.46,16.22,4.88
2022-10-17,7.85768,37.14,36.23,41.27,15.37,4.88
2022-10-18,7.85275,37.14,36.23,41.27,15.37,4.88
2022-10-19,7.85157,37.14,36.23,41.27,15.37,4.88
2022-10-20,7.85157,37.14,36.23,41.27,15.37,4.88
2022-10-21,7.84831,37.14,36.23,41.27,15.37,4.88
2022-10-22,7.84831,37.14,36.23,41.27,15.37,4.88
2022-10-23,7.84831,37.14,36.23,41.27,15.37,4.88
2022-10-24,7.84248,37.17,36.27,41.25,16.07,4.88
2022-10-25,7.84511,37.17,36.27,41.25,16.07,4.88
2022-10-26,7.84399,37.17,36.27,41.25,16.07,4.88
2022-10-27,7.83655,37.17,36.27,41.25,16.07,4.88
2022-10-28,7.83772,37.17,36.27,41.25,16.07,4.88
2022-10-29,7.83772,37.17,36.27,41.25,16.07,4.88
2022-10-30,7.83772,37.17,36.27,41.25,16.07,4.88
2022-10-31,7.82857,37.17,36.27,41.25,16.37,4.88
2022-11-01,7.82857,37.17,36.27,41.25,16.37,4.88
2022-11-02,7.82497,36.75,35.57,39.90,16.37,4.88
2022-11-03,7.82784,36.75,35.57,39.90,16.37,4.88
2022-11-04,7.82196,36.75,35.57,39.90,16.37,4.88
2022-11-05,7.82196,36.75,35.57,39.90,16.37,4.88
2022-11-06,7.82196,36.75,35.57,39.90,16.37,4.88
2022-11-07,7.81898,36.70,35.50,39.82,17.37,4.88
2022-11-08,7.81314,36.70,35.50,39.82,17.37,4.88
2022-11-09,7.81259,36.70,35.50,39.82,17.37,4.88
2022-11-10,7.81160,36.70,35.50,39.82,17.37,4.88
2022-11-11,7.80692,36.70,35.50,39.82,17.37,4.88
2022-11-12,7.80692,36.70,35.50,39.82,17.37,4.88
2022-11-13,7.80692,36.70,35.50,39.82,17.37,4.88
2022-11-14,7.80536,37.37,35.87,40.59,17.87,4.88
2022-11-15,7.79823,37.37,35.87,40.59,17.87,4.88
2022-11-16,7.79839,37.37,35.87,40.59,17.87,4.88
2022-11-17,7.79936,37.37,35.87,40.59,17.87,4.88
2022-11-18,7.79773,37.37,35.87,40.59,17.87,4.88
2022-11-19,7.79773,37.37,35.87,40.59,17.87,4.88
2022-11-20,7.79773,37.37,35.87,40.59,17.87,4.88
2022-11-21,7.79372,36.14,34.54,38.17,17.27,4.88
2022-11-22,7.80497,36.14,34.54,38.17,17.27,4.88
2022-11-23,7.81468,36.14,34.54,38.17,17.27,4.88
2022-11-24,7.81830,36.14,34.54,38.17,17.27,4.88
2022-11-25,7.82619,36.14,34.54,38.17,17.27,4.88
2022-11-26,7.82619,36.14,34.54,38.17,17.27,4.88
2022-11-27,7.82619,36.14,34.54,38.17,17.27,4.88
2022-11-28,7.81998,34.94,33.32,35.96,17.27,4.88
2022-11-29,7.82766,34.94,33.32,35.96,17.27,4.88
2022-11-30,7.84134,34.94,33.32,35.96,17.27,4.88
2022-12-01,7.84143,34.94,33.32,35.96,17.27,4.88
2022-12-02,7.85875,34.94,33.32,35.96,17.27,4.88
2022-12-03,7.85875,34.94,33.32,35.96,17.27,4.88
2022-12-04,7.85875,34.94,33.32,35.96,17.27,4.88
2022-12-05,7.87534,34.50,32.90,35.58,15.97,4.88
2022-12-06,7.90912,34.50,32.90,35.58,15.97,4.88
2022-12-07,7.93024,34.50,32.90,35.58,15.97,4.88
2022-12-08,7.90901,34.50,32.90,35.58,15.97,4.88
2022-12-09,7.89634,34.50,32.90,35.58,15.97,4.88
2022-12-10,7.89634,34.50,32.90,35.58,15.97,4.88
2022-12-11,7.89634,34.50,32.90,35.58,15.97,4.88
2022-12-12,7.88174,33.98,32.39,34.80,15.37,4.88
2022-12-13,7.87402,33.98,32.39,34.80,15.37,4.88
2022-12-14,7.87702,33.98,32.39,34.80,15.37,4.88
2022-12-15,7.86627,33.98,32.39,34.80,15.37,4.88
2022-12-16,7.86912,33.98,32.39,34.80,15.37,4.88
2022-12-17,7.86912,33.98,32.39,34.80,15.37,4.88
2022-12-18,7.86912,33.98,32.39,34.80,15.37,4.88
2022-12-19,7.85836,33.48,31.96,33.95,15.69,4.88
2022-12-20,7.85599,33.48,31.96,33.95,15.69,4.88
2022-12-21,7.85419,33.48,31.96,33.95,15.69,4.88
2022-12-22,7.85527,33.48,31.96,33.95,15.69,4.88
2022-12-23,7.84914,33.48,31.96,33.95,15.69,4.88
2022-12-24,7.84914,33.48,31.96,33.95,15.69,4.88
2022-12-25,7.84914,33.48,31.96,33.95,15.69,4.88
2022-12-26,7.84914,33.48,31.96,33.95,15.69,4.88
2022-12-27,7.84739,32.55,30.99,33.75,15.99,4.88
2022-12-28,7.85028,32.55,30.99,33.75,15.99,4.88
2022-12-29,7.85222,32.55,30.99,33.75,15.99,4.88
2022-12-30,7.85222,32.55,30.99,33.75,15.99,4.88
2022-12-31,7.85222,32.55,30.99,33.75,15.99,4.88
2023-01-01,7.85222,32.55,30.99,33.75,15.99,4.88
2023-01-02,7.85222,32.55,30.99,33.75,15.99,4.88
2023-01-03,7.84773,32.56,31.42,35.31,16.39,4.88
2023-01-04,7.84906,32.56,31.42,35.31,16.39,4.88
2023-01-05,7.85221,32.56,31.42,35.31,16.39,4.88
2023-01-06,7.84856,32.56,31.42,35.31,16.39,4.88
2023-01-07,7.84856,32.56,31.42,35.31,16.39,4.88
2023-01-08,7.84856,32.56,31.42,35.31,16.39,4.88
2023-01-09,7.84628,33.00,31.60,35.98,16.39,4.88
2023-01-10,7.84395,33.00,31.60,35.98,16.39,4.88
2023-01-11,7.84880,33.00,31.60,35.98,16.39,4.88
2023-01-12,7.85000,33.00,31.60,35.98,16.39,4.88
2023-01-13,7.84942,33.00,31.60,35.98,16.39,4.88
2023-01-14,7.84942,33.00,31.60,35.98,16.39,4.88
2023-01-15,7.84942,33.00,31.60,35.98,16.39,4.88
2023-01-16,7.84319,33.96,32.58,35.96,15.99,4.88
2023-01-17,7.84762,33.96,32.58,35.96,15.99,4.88
2023-01-18,7.84834,33.96,32.58,35.96,15.99,4.88
2023-01-19,7.85007,33.96,32.58,35.96,15.99,4.88
2023-01-20,7.85078,33.96,32.58,35.96,15.99,4.88
2023-01-21,7.85078,33.96,32.58,35.96,15.99,4.88
2023-01-22,7.85078,33.96,32.58,35.96,15.99,4.88
2023-01-23,7.84295,35.02,33.63,35.54,16.39,4.88
2023-01-24,7.84379,35.02,33.63,35.54,16.39,4.88
2023-01-25,7.84883,35.02,33.63,35.54,16.39,4.88
2023-01-26,7.85069,35.02,33.63,35.54,16.39,4.88
2023-01-27,7.85212,35.02,33.63,35.54,16.39,4.88
2023-01-28,7.85212,35.02,33.63,35.54,16.39,4.88
2023-01-29,7.85212,35.02,33.63,35.54,16.39,4.88
2023-01-30,7.84886,35.66,34.26,36.18,16.23,4.88
2023-01-31,7.84855,35.66,34.26,36.18,16.23,4.88
2023-02-01,7.84957,35.66,34.26,36.18,16.23,5.40
2023-02-02,7.84667,35.66,34.26,36.18,16.23,5.40
2023-02-03,7.84714,35.66,34.26,36.18,16.23,5.40
2023-02-04,7.84714,35.66,34.26,36.18,16.23,5.40
2023-02-05,7.84714,35.66,34.26,36.18,16.23,5.40
2023-02-06,7.84306,34.94,33.49,35.29,15.63,5.40
2023-02-07,7.84298,34.94,33.49,35.29,15.63,5.40
2023-02-08,7.84282,34.94,33.49,35.29,15.63,5.40
2023-02-09,7.84208,34.94,33.49,35.29,15.63,5.40
2023-02-10,7.83792,34.94,33.49,35.29,15.63,5.40
2023-02-11,7.83792,34.94,33.49,35.29,15.63,5.40
2023-02-12,7.83792,34.94,33.49,35.29,15.63,5.40
2023-02-13,7.83567,34.23,32.74,33.54,16.39,5.40
2023-02-14,7.83256,34.23,32.74,33.54,16.39,5.40
2023-02-15,7.83130,34.23,32.74,33.54,16.39,5.40
2023-02-16,7.82864,34.23,32.74,33.54,16.39,5.40
2023-02-17,7.82638,34.23,32.74,33.54,16.39,5.40
2023-02-18,7.82638,34.23,32.74,33.54,16.39,5.40
2023-02-19,7.82638,34.23,32.74,33.54,16.39,5.40
2023-02-20,7.81821,33.74,32.24,32.14,15.93,5.40
2023-02-21,7.82129,33.74,32.24,32.14,15.93,5.40
2023-02-22,7.81596,33.74,32.24,32.14,15.93,5.40
2023-02-23,7.81696,33.74,32.24,32.14,15.93,5.40
2023-02-24,7.81790,33.74,32.24,32.14,15.93,5.40
2023-02-25,7.81790,33.74,32.24,32.14,15.93,5.40
2023-02-26,7.81790,33.74,32.24,32.14,15.93,5.40
2023-02-27,7.81549,33.33,31.84,31.11,15.58,5.40
2023-02-28,7.81493,33.33,31.84,31.11,15.58,5.40
2023-03-01,7.81525,33.33,31.84,31.11,15.58,5.40
2023-03-02,7.81859,33.33,31.84,31.11,15.58,5.40
2023-03-03,7.81359,33.33,31.84,31.11,15.58,5.40
2023-03-04,7.81359,33.33,31.84,31.11,15.58,5.40
2023-03-05,7.81359,33.33,31.84,31.11,15.58,5.40
2023-03-06,7.81199,33.30,31.80,31.00,16.58,5.40
2023-03-07,7.80397,33.30,31.80,31.00,16.58,5.40
2023-03-08,7.80973,33.30,31.80,31.00,16.58,5.40
2023-03-09,7.80754,33.30,31.80,31.00,16.58,5.40
2023-03-10,7.80715,33.30,31.80,31.00,16.58,5.40
2023-03-11,7.80715,33.30,31.80,31.00,16.58,5.40
2023-03-12,7.80715,33.30,31.80,31.00,16.58,5.40
2023-03-13,7.79947,33.77,32.18,31.01,16.82,5.40
2023-03-14,7.79731,33.77,32.18,31.01,16.82,5.40
2023-03-15,7.79834,33.77,32.18,31.01,16.82,5.40
2023-03-16,7.80412,33.77,32.18,31.01,16.82,4.60
2023-03-17,7.80243,33.77,32.18,31.01,16.82,4.60
2023-03-18,7.80243,33.77,32.18,31.01,16.82,4.60
2023-03-19,7.80243,33.77,32.18,31.01,16.82,4.60
2023-03-20,7.79631,33.04,31.45,30.63,15.82,4.60
2023-03-21,7.79352,33.04,31.45,30.63,15.82,4.60
2023-03-22,7.80256,33.04,31.45,30.63,15.82,4.60
2023-03-23,7.80387,33.04,31.45,30.63,15.82,4.60
2023-03-24,7.80518,33.04,31.45,30.63,15.82,4.60
2023-03-25,7.80518,33.04,31.45,30.63,15.82,4.60
2023-03-26,7.80518,33.04,31.45,30.63,15.82,4.60
2023-03-27,7.79869,33.49,31.88,30.01,16.12,4.60
2023-03-28,7.79912,33.49,31.88,30.01,16.12,4.60
2023-03-29,7.80317,33.49,31.88,30.01,16.12,4.60
2023-03-30,7.80234,33.49,31.88,30.01,16.12,4.60
2023-03-31,7.80335,33.49,31.88,30.01,16.12,4.60
2023-04-01,7.80335,33.49,31.88,30.01,16.12,4.60
2023-04-02,7.80335,33.49,31.88,30.01,16.12,4.60
2023-04-03,7.79691,34.46,32.86,30.02,17.62,4.60
2023-04-04,7.79431,34.46,32.86,30.02,17.62,4.60
2023-04-05,7.79329,34.46,32.86,30.02,17.62,4.60
2023-04-06,7.79329,34.46,32.86,30.02,17.62,4.60
2023-04-07,7.79329,34.46,32.86,30.02,17.62,4.60
2023-04-08,7.79329,34.46,32.86,30.02,17.62,4.60
2023-04-09,7.79329,34.46,32.86,30.02,17.62,4.60
2023-04-10,7.79921,34.99,33.40,30.00,18.82,4.60
2023-04-11,7.79501,34.99,33.40,30.00,18.82,4.60
2023-04-12,7.79866,34.99,33.40,30.00,18.82,4.60
2023-04-13,7.79625,34.99,33.40,30.00,18.82,4.60
2023-04-14,7.80261,34.99,33.40,30.00,18.82,4.60
2023-04-15,7.80261,34.99,33.40,30.00,18.82,4.60
2023-04-16,7.80261,34.99,33.40,30.00,18.82,4.60
2023-04-17,7.80060,35.98,34.36,29.78,19.12,4.60
2023-04-18,7.79670,35.98,34.36,29.78,19.12,4.60
2023-04-19,7.79898,35.98,34.36,29.78,19.12,4.60
2023-04-20,7.79925,35.98,34.36,29.78,19.12,4.60
2023-04-21,7.79964,35.98,34.36,29.78,19.12,4.60
2023-04-22,7.79964,35.98,34.36,29.78,19.12,4.60
2023-04-23,7.79964,35.98,34.36,29.78,19.12,4.60
2023-04-24,7.79702,35.91,34.31,29.32,18.67,4.60
2023-04-25,7.79572,35.91,34.31,29.32,18.67,4.60
2023-04-26,7.80198,35.91,34.31,29.32,18.67,4.60
2023-04-27,7.80424,35.91,34.31,29.32,18.67,4.60
2023-04-28,7.80826,35.91,34.31,29.32,18.67,4.60
2023-04-29,7.80826,35.91,34.31,29.32,18.67,4.60
2023-04-30,7.80826,35.91,34.31,29.32,18.67,4.60
2023-05-01,7.80826,35.91,34.31,29.32,18.67,4.60
2023-05-02,7.80055,35.08,33.46,28.43,17.67,4.60
2023-05-03,7.80673,35.08,33.46,28.43,17.67,4.60
2023-05-04,7.80938,35.08,33.46,28.43,17.67,4.60
2023-05-05,7.80739,35.08,33.46,28.43,17.67,4.60
2023-05-06,7.80739,35.08,33.46,28.43,17.67,4.60
2023-05-07,7.80739,35.08,33.46,28.43,17.67,4.60
2023-05-08,7.80280,34.31,32.80,27.68,16.47,4.60
2023-05-09,7.80568,34.31,32.80,27.68,16.47,4.60
2023-05-10,7.80601,34.31,32.80,27.68,16.47,4.60
2023-05-11,7.80379,34.31,32.80,27.68,16.47,4.60
2023-05-12,7.80649,34.31,32.80,27.68,16.47,4.60
2023-05-13,7.80649,34.31,32.80,27.68,16.47,4.60
2023-05-14,7.80649,34.31,32.80,27.68,16.47,4.60
2023-05-15,7.80223,33.49,31.98,27.02,16.97,4.60
2023-05-16,7.80323,33.49,31.98,27.02,16.97,4.60
2023-05-17,7.80156,33.49,31.98,27.02,16.97,4.60
2023-05-18,7.80495,33.49,31.98,27.02,16.97,4.60
2023-05-19,7.80399,33.49,31.98,27.02,16.97,4.60
2023-05-20,7.80399,33.49,31.98,27.02,16.97,4.60
2023-05-21,7.80399,33.49,31.98,27.02,16.97,4.60
2023-05-22,7.80453,33.35,31.97,27.01,17.17,4.60
2023-05-23,7.80354,33.35,31.97,27.01,17.17,4.60
2023-05-24,7.80974,33.35,31.97,27.01,17.17,4.60
2023-05-25,7.81685,33.35,31.97,27.01,17.17,4.60
2023-05-26,7.82145,33.35,31.97,27.01,17.17,4.60
2023-05-27,7.82145,33.35,31.97,27.01,17.17,4.60
2023-05-28,7.82145,33.35,31.97,27.01,17.17,4.60
2023-05-29,7.82029,33.30,31.99,27.00,16.67,4.60
2023-05-30,7.82886,33.30,31.99,27.00,16.67,4.60
2023-05-31,7.83014,33.30,31.99,27.00,16.67,4.60
2023-06-01,7.83660,33.30,31.99,27.00,16.67,4.60
2023-06-02,7.83809,33.30,31.99,27.00,16.67,4.60
2023-06-03,7.83809,33.30,31.99,27.00,16.67,4.60
2023-06-04,7.83809,33.30,31.99,27.00,16.67,4.60
2023-06-05,7.82959,33.30,31.97,26.56,16.67,4.60
2023-06-06,7.82919,33.30,31.97,26.56,16.67,4.60
2023-06-07,7.83743,33.30,31.97,26.56,16.67,4.60
2023-06-08,7.83755,33.30,31.97,26.56,16.67,4.60
2023-06-09,7.83852,33.30,31.97,26.56,16.67,4.60
2023-06-10,7.83852,33.30,31.97,26.56,16.67,4.60
2023-06-11,7.83852,33.30,31.97,26.56,16.67,4.60
2023-06-12,7.83317,33.10,31.78,26.30,17.52,4.60
2023-06-13,7.83321,33.10,31.78,26.30,17.52,4.60
2023-06-14,7.83379,33.10,31.78,26.30,17.52,4.60
2023-06-15,7.83909,33.10,31.78,26.30,17.52,4.60
2023-06-16,7.83924,33.10,31.78,26.30,17.52,5.40
2023-06-17,7.83924,33.10,31.78,26.30,17.52,5.40
2023-06-18,7.83924,33.10,31.78,26.30,17.52,5.40
2023-06-19,7.83373,33.08,31.79,26.25,18.82,5.40
2023-06-20,7.84215,33.08,31.79,26.25,18.82,5.40
2023-06-21,7.83770,33.08,31.79,26.25,18.82,5.40
2023-06-22,7.83963,33.08,31.79,26.25,18.82,5.40
2023-06-23,7.84308,33.08,31.79,26.25,18.82,5.40
2023-06-24,7.84308,33.08,31.79,26.25,18.82,5.40
2023-06-25,7.84308,33.08,31.79,26.25,18.82,5.40
2023-06-26,7.83445,33.08,31.79,26.25,18.82,5.40
2023-06-27,7.84069,34.16,32.66,27.00,18.82,5.40
2023-06-28,7.84326,34.16,32.66,27.00,18.82,5.40
2023-06-29,7.84576,34.16,32.66,27.00,18.82,5.40
2023-06-30,7.84576,34.16,32.66,27.00,18.82,5.40
2023-07-01,7.84576,34.16,32.66,27.00,18.82,5.40
2023-07-02,7.84576,34.16,32.66,27.00,18.82,5.40
2023-07-03,7.84576,34.16,32.66,27.00,18.82,5.40
2023-07-04,7.84107,33.52,32.01,26.97,19.70,5.40
2023-07-05,7.84545,33.52,32.01,26.97,19.70,5.40
2023-07-06,7.84564,33.52,32.01,26.97,19.70,5.40
2023-07-07,7.84717,33.52,32.01,26.97,19.70,5.40
2023-07-08,7.84717,33.52,32.01,26.97,19.70,5.40
2023-07-09,7.84717,33.52,32.01,26.97,19.70,5.40
2023-07-10,7.84097,33.51,32.01,26.96,19.45,5.40
2023-07-11,7.84161,33.51,32.01,26.96,19.45,5.40
2023-07-12,7.84570,33.51,32.01,26.96,19.45,5.40
2023-07-13,7.84314,33.51,32.01,26.96,19.45,5.40
2023-07-14,7.84812,33.51,32.01,26.96,19.45,5.40
2023-07-15,7.84812,33.51,32.01,26.96,19.45,5.40
2023-07-16,7.84812,33.51,32.01,26.96,19.45,5.40
2023-07-17,7.84281,33.78,32.28,27.47,19.20,5.40
2023-07-18,7.84349,33.78,32.28,27.47,19.20,5.40
2023-07-19,7.84612,33.78,32.28,27.47,19.20,5.40
2023-07-20,7.84814,33.78,32.28,27.47,19.20,5.40
2023-07-21,7.84913,33.78,32.28,27.47,19.20,5.40
2023-07-22,7.84913,33.78,32.28,27.47,19.20,5.40
2023-07-23,7.84913,33.78,32.28,27.47,19.20,5.40
2023-07-24,7.84918,34.78,33.28,28.47,19.44,5.40
2023-07-25,7.84857,34.78,33.28,28.47,19.44,5.40
2023-07-26,7.85244,34.78,33.28,28.47,19.44,5.40
2023-07-27,7.86393,34.78,33.28,28.47,19.44,5.40
2023-07-28,7.86955,34.78,33.28,28.47,19.44,5.40
2023-07-29,7.86955,34.78,33.28,28.47,19.44,5.40
2023-07-30,7.86955,34.78,33.28,28.47,19.44,5.40
2023-07-31,7.86893,36.29,34.77,29.68,20.54,5.40
2023-08-01,7.86466,36.29,34.77,29.68,20.54,5.40
2023-08-02,7.86984,36.29,34.77,29.68,20.54,5.40